{
    "train_loss": [
        0.27982536979766287,
        0.2111628051918707,
        0.17523911725610558,
        0.1484972429412133,
        0.13758685776610363,
        0.12176839301168028,
        0.11207105713819009,
        0.10584150330979687,
        0.10629491458760142,
        0.09872248650057865
    ],
    "train_accuracy": [
        91.74833333333333,
        93.51166666666667,
        94.76833333333333,
        95.63666666666667,
        95.90833333333333,
        96.39166666666667,
        96.67166666666667,
        96.80166666666666,
        96.68333333333334,
        97.0
    ],
    "test_loss": [
        0.2718547778793528,
        0.21879452419809148,
        0.1750423171663586,
        0.15947653730458852,
        0.14986807287116594,
        0.13536366938224323,
        0.12366634904395175,
        0.12166372743211215,
        0.12623560089099256,
        0.12238322699418928
    ],
    "test_accuracy": [
        91.87,
        93.58,
        94.46,
        95.2,
        95.36,
        95.95,
        96.16,
        96.34,
        96.2,
        96.41
    ],
    "path_norm": [
        6.0032914988013095,
        8.750315633258072,
        10.883467260902686,
        12.683172681261393,
        14.247721707435861,
        15.546211512224207,
        16.723271694321937,
        17.896291576672123,
        18.97845844017962,
        19.979668009981108
    ]
}