{
    "train_loss": [
        1.3292489826221905,
        1.0339084455119374,
        0.625005140328956,
        1.1131811789844348,
        0.5226299333602876,
        0.4701317995405563,
        0.17114399584091228,
        0.19067151563437393,
        0.10121567254824101,
        0.0405343546165282,
        0.002421840537360886,
        0.0007415538568280713,
        0.0005235624663523443,
        0.0003806385544368097,
        0.000329178295839909,
        0.0002752749504723355,
        0.0002333374713231033,
        0.00021487649306422695,
        0.00019363134922927168,
        0.00016906269531755986
    ],
    "train_accuracy": [
        52.818,
        63.478,
        78.238,
        64.372,
        81.608,
        83.56,
        93.966,
        93.136,
        96.404,
        98.688,
        99.998,
        100.0,
        100.0,
        100.0,
        100.0,
        100.0,
        100.0,
        100.0,
        100.0,
        100.0
    ],
    "test_loss": [
        1.3696004069304164,
        1.1606347145913523,
        0.836361448976058,
        1.43767234041721,
        0.9997315859492821,
        1.1595454887498784,
        0.9178364616406115,
        1.0195369086688078,
        1.011967010135892,
        0.9685449396507649,
        0.834508937370928,
        0.8293993752213973,
        0.8585982692392566,
        0.8622103816346277,
        0.8672260261034663,
        0.8659873465193978,
        0.8699330170697803,
        0.873518023687073,
        0.8874187367626384,
        0.8848147629937039
    ],
    "test_accuracy": [
        51.99,
        59.42,
        71.51,
        58.19,
        69.75,
        69.17,
        75.49,
        73.72,
        75.35,
        77.75,
        80.48,
        81.12,
        81.3,
        81.06,
        81.13,
        81.26,
        81.26,
        81.19,
        81.35,
        81.15
    ],
    "path_norm": [
        70.36244201660156,
        85.26930236816406,
        105.83858489990234,
        133.52352905273438,
        162.05735778808594,
        199.75486755371094,
        232.88357543945312,
        261.2225341796875,
        281.9543762207031,
        295.211181640625,
        304.93585205078125,
        311.5464782714844,
        313.7235412597656,
        315.9390563964844,
        316.3727722167969,
        319.8316345214844,
        322.1874084472656,
        321.88726806640625,
        323.8305358886719,
        325.29071044921875
    ]
}