{
    "train_loss": [
        0.47258123110479383,
        0.4112127279358378,
        0.39593830471163366,
        0.372251182961375,
        0.362260814756155,
        0.3552951182145427,
        0.3445670980173769,
        0.3409839704283265,
        0.336149336067217,
        0.34075004412635745
    ],
    "train_accuracy": [
        83.57333333333334,
        85.315,
        85.57,
        86.30333333333333,
        86.49833333333333,
        86.68166666666667,
        87.05,
        87.09833333333333,
        87.19,
        87.155
    ],
    "test_loss": [
        0.45208894022426027,
        0.39756882769666657,
        0.3972511335637919,
        0.3686751420046114,
        0.3712899154348738,
        0.35677344688943996,
        0.35294580241297463,
        0.3490596366156438,
        0.3485776054061902,
        0.35320404988185616
    ],
    "test_accuracy": [
        84.18,
        85.74,
        85.38,
        86.45,
        86.19,
        86.84,
        87.06,
        87.09,
        86.95,
        86.8
    ],
    "path_norm": [
        8.8963623046875,
        12.63342571258545,
        15.460504531860352,
        18.13176727294922,
        20.562768936157227,
        23.074813842773438,
        25.146957397460938,
        27.26990509033203,
        29.414623260498047,
        31.55762481689453
    ]
}