{
    "train_loss": [
        0.26304162474774095,
        0.19589119570564106,
        0.16942101605792545,
        0.13650406841466675,
        0.12402812033288006,
        0.12235766339070125,
        0.11208946929414516,
        0.10548506066727359,
        0.09906431399921237,
        0.10200959885679582
    ],
    "train_accuracy": [
        92.23333333333333,
        94.12666666666667,
        95.0,
        95.96333333333334,
        96.30166666666666,
        96.295,
        96.64666666666666,
        96.80666666666667,
        97.04833333333333,
        96.79833333333333
    ],
    "test_loss": [
        0.25153855489024635,
        0.1991320270337636,
        0.17639221467926533,
        0.1463340087852712,
        0.13663565079811252,
        0.1332897817763158,
        0.1319065688625921,
        0.12207840293457237,
        0.11700074410042431,
        0.12445181094204323
    ],
    "test_accuracy": [
        92.19,
        93.85,
        94.6,
        95.43,
        96.07,
        95.86,
        96.1,
        96.32,
        96.6,
        96.15
    ],
    "path_norm": [
        6.134627819061279,
        9.079500198364258,
        11.446468353271484,
        13.4266939163208,
        15.033503532409668,
        16.633182525634766,
        18.16559600830078,
        19.36031723022461,
        20.54209327697754,
        21.769235610961914
    ]
}