{
    "train_loss": [
        5.794293032887647,
        3.014646335026187,
        2.232675490172013,
        2.2276694049005923,
        1.719313239807363,
        1.3232927497695475,
        1.4407972060810879,
        1.1285638646091647,
        0.4907372567202429,
        0.4078111154648959
    ],
    "train_accuracy": [
        7.916,
        25.234,
        40.77,
        41.81,
        52.246,
        61.444,
        58.482,
        66.354,
        85.176,
        88.29
    ],
    "test_loss": [
        5.871704656866532,
        3.17610045324398,
        2.5025326752964454,
        2.6380983998503864,
        2.300174105016491,
        2.1883962546722797,
        2.61640644375282,
        2.6375054694429227,
        2.405703582341158,
        2.520172218733196
    ],
    "test_accuracy": [
        7.39,
        23.27,
        35.82,
        35.15,
        40.87,
        43.71,
        39.58,
        40.58,
        45.88,
        43.74
    ],
    "path_norm": [
        143.74473571777344,
        189.58074951171875,
        247.50567626953125,
        319.0640563964844,
        405.9701232910156,
        531.7843627929688,
        684.951416015625,
        887.272705078125,
        1103.872802734375,
        1300.78173828125
    ]
}