{
    "train_loss": [
        0.48659109738844036,
        0.4307184229289164,
        0.40563629971924364,
        0.14951063852622185,
        0.12693675715865485,
        0.12270578697943357,
        0.10820432638090208,
        0.11699739141639934,
        0.09955283665884612,
        0.09664952728464436
    ],
    "train_accuracy": [
        82.565,
        84.075,
        84.83166666666666,
        95.50333333333333,
        96.21,
        96.21,
        96.73166666666667,
        96.57666666666667,
        97.01,
        97.045
    ],
    "test_loss": [
        0.4828770901936634,
        0.43424570778752586,
        0.41243596308550257,
        0.15848016571906057,
        0.13801303689047742,
        0.13574875483977472,
        0.12306569632777506,
        0.14079213314867656,
        0.12185260339990069,
        0.11459953683223813
    ],
    "test_accuracy": [
        82.29,
        83.67,
        84.42,
        94.99,
        95.88,
        95.65,
        96.33,
        95.78,
        96.34,
        96.58
    ],
    "path_norm": [
        8.783068656921387,
        12.562975883483887,
        15.178494453430176,
        18.360145568847656,
        20.553504943847656,
        23.124374389648438,
        25.322572708129883,
        27.457626342773438,
        29.856313705444336,
        31.75295639038086
    ]
}