{
    "train_loss": [
        1.511873483352954,
        1.0620563675070662,
        0.688229984182226,
        1.3590859237229427,
        0.3751583875673811,
        0.3013070648740929,
        0.7000067931459383,
        0.23454785251708896,
        0.057678549743407526,
        0.023737520647599646
    ],
    "train_accuracy": [
        48.84,
        62.78,
        75.056,
        61.308,
        86.968,
        89.05,
        78.55,
        91.674,
        98.212,
        99.372
    ],
    "test_loss": [
        1.5718895498710344,
        1.1685459410087973,
        0.9013723610322687,
        1.666232693044445,
        0.7969388976881776,
        0.9119004958038088,
        1.5352055256879782,
        1.1328937011429026,
        0.904116231429426,
        0.9067608416080475
    ],
    "test_accuracy": [
        47.91,
        58.63,
        69.01,
        55.33,
        73.72,
        72.84,
        64.3,
        72.28,
        77.49,
        78.77
    ],
    "path_norm": [
        66.5904769897461,
        81.92466735839844,
        100.39440155029297,
        126.55350494384766,
        156.9349365234375,
        193.03897094726562,
        223.92979431152344,
        254.58114624023438,
        271.6698913574219,
        290.50531005859375
    ]
}