{
    "train_loss": [
        1.3477995051142504,
        1.0339499492474529,
        0.9210685889434327,
        1.1974268894061408,
        0.8050846669375135,
        0.6297525165178587,
        0.7239595767482162,
        0.5122182989669273,
        0.4671030152026954,
        0.4161103547686506
    ],
    "train_accuracy": [
        53.294,
        62.898,
        67.704,
        60.87,
        72.072,
        77.776,
        73.594,
        81.958,
        83.716,
        85.146
    ],
    "test_loss": [
        1.365659413458426,
        1.078771537617792,
        1.01313910831379,
        1.3132419465463372,
        0.9595456100717376,
        0.8019122345538079,
        0.9147148464299455,
        0.7557123216647136,
        0.7497239203392705,
        0.7289759211147888
    ],
    "test_accuracy": [
        52.57,
        61.37,
        65.07,
        58.23,
        67.75,
        72.77,
        68.56,
        74.87,
        75.13,
        76.01
    ],
    "path_norm": [
        3.0713841915130615,
        4.971164226531982,
        7.198680400848389,
        9.67799186706543,
        12.644542694091797,
        16.576892852783203,
        20.77306365966797,
        26.14352035522461,
        31.466567993164062,
        38.18003845214844
    ]
}